DateTime,Distance,Status
,,
,,
,,
,,
,,
,,
,,
,,
,,
,,
,,
,,
,,
,,
,,
,,
,,
,,
2022-09-12 00:54:30.003711,4489,1
2022-09-12 00:54:41.356746,34969,2
2022-09-12 00:54:51.465593,45369,0
2022-09-12 00:55:01.587355,36864,2
2022-09-12 00:57:54.417944,0,0
2022-09-12 00:58:05.732326,39204,2
2022-09-12 00:58:15.867451,7396,1
2022-09-12 03:06:15.531110,0,0
2022-09-12 03:06:16.815400,0,0
2022-09-12 03:06:16.910424,0,0
2022-09-12 03:06:16.987439,0,0
2022-09-12 03:06:17.066456,0,0
2022-09-12 03:06:17.143474,0,0
2022-09-12 03:06:17.235495,0,0
2022-09-12 03:06:17.327515,0,0
2022-09-12 03:06:17.437542,0,0
2022-09-12 03:06:17.530561,0,0
2022-09-12 03:06:17.608580,0,0
2022-09-12 03:06:17.703601,0,0
2022-09-12 03:06:17.779619,0,0
2022-09-12 03:06:17.874640,0,0
2022-09-12 03:06:17.968661,0,0
2022-09-12 03:06:18.046678,0,0
2022-09-12 03:06:18.125696,0,0
2022-09-12 03:06:18.219718,0,0
2022-09-12 03:06:18.313739,0,0
2022-09-12 03:06:18.408760,0,0
2022-09-12 03:06:18.501781,1225,1
2022-09-12 03:06:18.668819,1225,1
2022-09-12 03:06:18.764839,1225,1
2022-09-12 03:06:18.840857,4624,1
2022-09-12 03:06:18.916874,2500,1
2022-09-12 03:06:18.989890,2500,1
2022-09-12 03:06:19.059907,2500,1
2022-09-12 03:06:19.135923,2500,1
2022-09-12 03:06:19.213942,2500,1
2022-09-12 03:06:19.292959,2500,1
2022-09-12 03:06:19.369976,2500,1
2022-09-12 03:06:19.462998,2500,1
2022-09-12 03:06:19.539014,2500,1
2022-09-12 03:06:19.617033,2500,1
2022-09-12 03:06:19.695049,2500,1
2022-09-12 03:06:19.773954,2500,1
2022-09-12 03:06:19.865974,2500,1
2022-09-12 03:06:19.943991,2500,1
2022-09-12 03:06:20.021010,2500,1
2022-09-12 03:06:20.100027,2500,1
2022-09-12 03:06:20.177044,2500,1
2022-09-12 03:06:20.268063,4356,1
2022-09-12 03:06:20.341083,4356,1
2022-09-12 03:06:20.419097,841,1
2022-09-12 03:06:20.494116,900,1
2022-09-12 03:06:20.574133,961,1
2022-09-12 03:06:20.653152,1444,1
2022-09-12 03:06:20.730175,1936,1
2022-09-12 03:06:20.808191,2025,1
2022-09-12 03:06:20.881209,1849,1
2022-09-12 03:06:20.952225,1600,1
2022-09-12 03:06:21.027242,1600,1
2022-09-12 03:06:21.096926,1600,1
2022-09-12 03:06:21.181950,1600,1
2022-09-12 03:06:21.248965,1600,1
2022-09-12 03:06:21.321903,1296,1
2022-09-12 03:06:21.389921,1225,1
2022-09-12 03:06:21.474938,1089,1
2022-09-12 03:06:21.552955,6889,1
2022-09-12 03:06:21.620193,1156,1
2022-09-12 03:06:21.687209,7744,1
2022-09-12 03:06:21.758224,6561,1
2022-09-12 03:06:21.827241,7396,1
2022-09-12 03:06:21.901256,7225,1
2022-09-12 03:06:21.978275,6400,1
2022-09-12 03:06:22.047290,1156,1
2022-09-12 03:06:22.119306,1600,1
2022-09-12 03:06:22.195322,1296,1
2022-09-12 03:06:22.272340,1296,1
2022-09-12 03:06:22.349357,1296,1
2022-09-12 03:06:22.428375,1296,1
2022-09-12 03:06:22.507394,4356,1
2022-09-12 03:06:22.572408,4356,1
2022-09-12 03:06:22.646423,11449,1
2022-09-12 03:06:22.711439,11449,1
2022-09-12 03:06:22.785457,6241,1
2022-09-12 03:06:22.852472,51529,0
2022-09-12 03:06:22.917486,4225,1
2022-09-12 03:06:22.990501,3481,1
2022-09-12 03:06:23.067518,46656,0
2022-09-12 03:06:23.145537,44100,0
2022-09-12 03:06:23.225555,5184,1
2022-09-12 03:06:23.300571,46225,0
2022-09-12 03:06:23.378589,5476,1
2022-09-12 03:06:23.453605,49729,0
2022-09-12 03:06:23.533627,51529,0
2022-09-12 03:06:23.599640,51984,0
2022-09-12 03:06:23.665653,53824,0
2022-09-12 03:06:23.729669,48400,0
2022-09-12 03:06:23.795684,57600,0
2022-09-12 03:06:23.862698,56169,0
2022-09-12 03:06:23.933715,56169,0
2022-09-12 03:06:24.011732,56169,0
2022-09-12 03:06:24.074745,56169,0
2022-09-12 03:06:24.150763,56169,0
2022-09-12 03:06:24.213778,56169,0
2022-09-12 03:06:24.276792,56169,0
2022-09-12 03:06:24.352810,56169,0
2022-09-12 03:06:24.414822,56169,0
2022-09-12 03:06:24.477837,56169,0
2022-09-12 03:06:24.540851,56169,0
2022-09-12 03:06:24.604866,56169,0
2022-09-12 03:06:24.666879,3721,1
2022-09-12 03:06:24.726893,3721,1
2022-09-12 03:06:24.804911,3721,1
2022-09-12 03:06:24.867925,3721,1
2022-09-12 03:06:24.930939,3721,1
2022-09-12 03:06:24.994953,3721,1
2022-09-12 03:06:25.055968,3721,1
2022-09-12 03:06:25.114982,4096,1
2022-09-12 03:06:25.175995,4096,1
2022-09-12 03:06:25.244009,4096,1
2022-09-12 03:06:25.323029,4096,1
2022-09-12 03:06:25.384042,4096,1
2022-09-12 03:06:25.444055,4096,1
2022-09-12 03:06:25.505068,4096,1
2022-09-12 03:06:25.568082,4096,1
2022-09-12 03:06:25.630097,4096,1
2022-09-12 03:06:25.693111,4096,1
2022-09-12 03:06:25.757126,4096,1
2022-09-12 03:06:25.820140,4096,1
2022-09-12 03:06:25.884154,4096,1
2022-09-12 03:06:25.965173,4096,1
2022-09-12 03:06:26.025185,4096,1
2022-09-12 03:06:26.087200,4096,1
2022-09-12 03:06:26.147214,4096,1
2022-09-12 03:06:26.223230,4096,1
2022-09-12 03:06:26.285245,4096,1
2022-09-12 03:06:26.346266,4096,1
2022-09-12 03:06:26.409282,4096,1
2022-09-12 03:06:26.473308,4096,1
2022-09-12 03:06:26.535015,4356,1
2022-09-12 03:06:26.597381,4356,1
2022-09-12 03:06:26.675093,4356,1
2022-09-12 03:06:26.753116,51076,0
2022-09-12 03:06:26.820129,52441,0
2022-09-12 03:06:26.896151,50176,0
2022-09-12 03:06:26.964167,53824,0
2022-09-12 03:06:27.031183,3600,1
2022-09-12 03:06:27.101205,3600,1
2022-09-12 03:06:27.179218,3721,1
2022-09-12 03:06:27.259107,3721,1
2022-09-12 03:06:27.334834,3721,1
2022-09-12 03:06:27.412410,49729,0
2022-09-12 03:06:27.490158,50625,0
2022-09-12 03:06:27.558176,3721,1
2022-09-12 03:06:27.630195,55225,0
2022-09-12 03:06:27.722533,4761,1
2022-09-12 03:06:27.786548,52441,0
2022-09-12 03:06:27.857565,47961,0
2022-09-12 03:06:27.937286,44100,0
2022-09-12 03:06:28.012310,43681,0
2022-09-12 03:06:28.080327,43681,0
2022-09-12 03:06:28.150343,45369,0
2022-09-12 03:06:28.220360,44521,0
2022-09-12 03:06:28.295382,44944,0
2022-09-12 03:06:28.364392,47089,0
2022-09-12 03:06:28.446410,46225,0
2022-09-12 03:06:28.515425,47524,0
2022-09-12 03:06:28.753479,47961,0
2022-09-12 03:06:28.878508,51984,0
2022-09-12 03:06:28.973529,51529,0
2022-09-12 03:06:29.067551,52441,0
2022-09-12 03:06:29.160571,50625,0
2022-09-12 03:06:29.248592,53824,0
2022-09-12 03:06:29.331610,51984,0
2022-09-12 03:06:29.413628,53824,0
2022-09-12 03:06:29.498647,51984,0
2022-09-12 03:06:29.585666,54289,0
2022-09-12 03:06:29.677689,53361,0
2022-09-12 03:06:29.766707,53824,0
2022-09-12 03:06:29.854727,50625,0
2022-09-12 03:06:29.939748,52441,0
2022-09-12 03:06:30.027769,54756,0
2022-09-12 03:06:30.113787,54289,0
2022-09-12 03:06:30.215809,52441,0
2022-09-12 03:06:30.325835,51529,0
2022-09-12 03:06:30.410854,52441,0
2022-09-12 03:06:30.495873,52900,0
2022-09-12 03:06:30.587893,51529,0
2022-09-12 03:06:30.673913,48841,0
2022-09-12 03:06:30.765933,47961,0
2022-09-12 03:06:30.850952,41209,2
2022-09-12 03:06:30.926970,41209,2
2022-09-12 03:06:30.999987,41616,2
2022-09-12 03:06:31.075003,36864,2
2022-09-12 03:06:31.156021,39601,2
2022-09-12 03:06:31.236039,39601,2
2022-09-12 03:06:31.315057,39204,2
2022-09-12 03:06:31.386074,38025,2
2022-09-12 03:06:31.458090,38025,2
2022-09-12 03:09:33.224744,0,0
2022-09-12 03:09:34.460023,0,0
2022-09-12 03:09:34.538041,44100,0
2022-09-12 03:09:34.647065,44521,0
2022-09-12 03:09:34.721082,49284,0
2022-09-12 03:09:34.805101,51076,0
2022-09-12 03:09:34.885121,49284,0
2022-09-12 03:09:34.954134,49284,0
2022-09-12 03:09:35.037153,51076,0
2022-09-12 03:09:35.124173,57121,0
2022-09-12 03:09:35.196189,54756,0
2022-09-12 03:09:35.270206,56169,0
2022-09-12 03:09:35.345223,56169,0
2022-09-12 03:09:35.417241,50176,0
2022-09-12 03:09:35.493256,47524,0
2022-09-12 03:09:35.566272,46225,0
2022-09-12 03:09:35.641290,46225,0
2022-09-12 03:09:35.712305,49729,0
2022-09-12 03:09:35.782321,46225,0
2022-09-12 03:09:35.856338,50176,0
2022-09-12 03:09:35.932355,47524,0
2022-09-12 03:09:36.010373,45796,0
2022-09-12 03:09:36.102394,51984,0
2022-09-12 03:09:36.179411,46656,0
2022-09-12 03:09:36.249427,49729,0
2022-09-12 03:09:36.326444,51984,0
2022-09-12 03:09:36.410463,51076,0
2022-09-12 03:09:36.487481,47961,0
2022-09-12 03:09:36.560497,44100,0
2022-09-12 03:09:36.635514,47524,0
2022-09-12 03:09:36.708530,43264,0
2022-09-12 03:09:36.783548,40804,2
2022-09-12 03:09:36.867566,42849,0
2022-09-12 03:09:36.936588,44100,0
2022-09-12 03:09:37.008604,44100,0
2022-09-12 03:09:37.084622,41616,2
2022-09-12 03:09:37.157638,40804,2
2022-09-12 03:09:37.233656,44521,0
2022-09-12 03:09:37.307791,42849,0
2022-09-12 03:09:37.380808,44944,0
2022-09-12 03:09:37.456824,46225,0
2022-09-12 03:09:37.534842,41209,2
2022-09-12 03:09:37.611861,42849,0
2022-09-12 03:09:37.684875,44100,0
2022-09-12 03:09:37.757893,43681,0
2022-09-12 03:09:37.833910,43681,0
2022-09-12 03:09:37.928042,42436,2
2022-09-12 03:09:38.006059,42436,2
2022-09-12 03:09:38.097079,46225,0
2022-09-12 03:09:38.177097,44100,0
2022-09-12 03:09:38.249115,44100,0
2022-09-12 03:09:38.328132,48841,0
2022-09-12 03:09:38.406060,51984,0
2022-09-12 03:09:38.485078,44944,0
2022-09-12 03:09:38.563095,50625,0
2022-09-12 03:09:38.639181,49729,0
2022-09-12 03:09:38.721200,49284,0
2022-09-12 03:09:38.803218,51529,0
2022-09-12 03:09:38.875742,54289,0
2022-09-12 03:09:38.949266,51529,0
2022-09-12 03:09:39.023284,48400,0
2022-09-12 03:09:39.093239,50625,0
2022-09-12 03:09:39.166257,51529,0
2022-09-12 03:09:39.243274,51529,0
2022-09-12 03:09:39.317291,49729,0
2022-09-12 03:09:39.394309,47961,0
2022-09-12 03:09:39.475325,47524,0
2022-09-12 03:09:39.555344,47961,0
2022-09-12 03:09:39.634361,49284,0
2022-09-12 03:09:39.707378,44521,0
2022-09-12 03:09:39.787396,49284,0
2022-09-12 03:09:39.862414,52441,0
2022-09-12 03:09:39.936430,47961,0
2022-09-12 03:09:40.010446,48400,0
2022-09-12 03:09:40.098466,48841,0
2022-09-12 03:09:40.168484,54289,0
2022-09-12 03:09:40.238497,51076,0
2022-09-12 03:09:40.316515,51076,0
2022-09-12 03:09:40.387531,49729,0
2022-09-12 03:09:40.459547,53824,0
2022-09-12 03:09:40.531564,52441,0
2022-09-12 03:09:40.605581,48400,0
2022-09-12 03:09:40.680598,47524,0
2022-09-12 03:09:40.758617,48841,0
2022-09-12 03:09:40.832632,49729,0
2022-09-12 03:09:40.905648,49284,0
2022-09-12 03:09:40.978666,49729,0
2022-09-12 03:09:41.054682,50176,0
2022-09-12 03:09:41.127698,48400,0
2022-09-12 03:09:41.195716,48400,0
2022-09-12 03:09:41.278733,48841,0
2022-09-12 03:09:41.350750,51076,0
2022-09-12 03:09:41.425766,53361,0
2022-09-12 03:09:41.501784,53824,0
2022-09-12 03:09:41.579800,48841,0
2022-09-12 03:09:41.652817,44944,0
2022-09-12 03:09:41.723834,47524,0
2022-09-12 03:09:41.802851,45796,0
2022-09-12 03:09:41.881869,47524,0
2022-09-12 03:09:41.959887,48841,0
2022-09-12 03:09:42.037903,48841,0
2022-09-12 03:09:42.130925,50176,0
2022-09-12 03:09:42.210943,46225,0
2022-09-12 03:09:42.287960,49729,0
2022-09-12 03:09:42.366978,44521,0
2022-09-12 03:09:42.436994,48841,0
2022-09-12 03:09:42.519251,49729,0
2022-09-12 03:09:42.599251,49284,0
2022-09-12 03:09:42.678060,49729,0
2022-09-12 03:09:42.756082,47089,0
2022-09-12 03:09:42.835403,48841,0
2022-09-12 03:09:42.913849,48841,0
2022-09-12 03:09:42.988874,48400,0
2022-09-12 03:09:43.057889,53824,0
2022-09-12 03:09:43.128905,51529,0
2022-09-12 03:09:43.196920,51076,0
2022-09-12 03:09:43.271942,841,1
2022-09-12 03:09:43.340959,52441,0
2022-09-12 03:09:43.410975,51529,0
2022-09-12 03:09:43.480991,51984,0
2022-09-12 03:09:43.548006,47961,0
2022-09-12 03:09:43.631597,49729,0
2022-09-12 03:09:43.702614,51529,0
2022-09-12 03:09:43.789641,49729,0
2022-09-12 03:09:43.868660,49729,0
2022-09-12 03:09:43.946819,54756,0
2022-09-12 03:09:44.026425,52900,0
2022-09-12 03:09:44.094439,51529,0
2022-09-12 03:09:44.165455,53824,0
2022-09-12 03:09:44.238481,52441,0
2022-09-12 03:09:44.309499,52441,0
2022-09-12 03:09:44.385515,52441,0
2022-09-12 03:09:44.465533,51076,0
2022-09-12 03:09:44.539548,51076,0
2022-09-12 03:09:44.624569,51076,0
2022-09-12 03:09:44.786604,47961,0
2022-09-12 03:09:44.905633,46225,0
2022-09-12 03:09:44.975648,51984,0
2022-09-12 03:09:45.048665,51984,0
2022-09-12 03:09:45.127683,51076,0
2022-09-12 03:09:45.196698,51076,0
2022-09-12 03:09:45.268714,50625,0
2022-09-12 03:09:45.345732,49729,0
2022-09-12 03:09:45.417747,51529,0
2022-09-12 03:09:45.487763,52900,0
2022-09-12 03:09:45.558779,52900,0
2022-09-12 03:09:45.628796,51984,0
2022-09-12 03:09:45.708814,50176,0
2022-09-12 03:09:45.787831,50625,0
2022-09-12 03:09:45.865848,50176,0
2022-09-12 03:09:45.945868,47961,0
2022-09-12 03:09:46.015882,48400,0
2022-09-12 03:09:46.091899,48400,0
2022-09-12 03:09:46.161915,51076,0
2022-09-12 03:09:46.232931,51076,0
2022-09-12 03:09:46.303947,50176,0
2022-09-12 03:09:46.380965,48841,0
2022-09-12 03:09:46.448979,52900,0
2022-09-12 03:09:46.523996,45369,0
2022-09-12 03:09:46.594012,41209,2
2022-09-12 03:09:46.677031,42849,0
2022-09-12 03:09:46.770052,42025,2
2022-09-12 03:09:46.837068,41209,2
2022-09-12 03:09:46.914084,40401,2
2022-09-12 03:09:46.991102,42025,2
2022-09-12 03:09:47.068119,41616,2
2022-09-12 03:10:39.467410,31684,2
2022-09-12 03:10:40.802711,44100,0
2022-09-12 03:10:40.894468,47524,0
2022-09-12 03:10:40.969495,43264,0
2022-09-12 03:10:41.056533,42436,2
2022-09-12 03:10:41.144068,40401,2
2022-09-12 03:10:41.217428,41616,2
2022-09-12 03:10:41.290445,39204,2
2022-09-12 03:10:41.377785,43681,0
2022-09-12 03:10:41.458810,42436,2
2022-09-12 03:10:41.533823,41209,2
2022-09-12 03:10:41.607839,40804,2
2022-09-12 03:10:41.678856,46225,0
2022-09-12 03:10:41.751872,48400,0
2022-09-12 03:10:41.830400,41616,2
2022-09-12 03:10:41.924931,42025,2
2022-09-12 03:10:41.996948,42849,0
2022-09-12 03:10:42.068964,42025,2
2022-09-12 03:10:42.162031,39601,2
2022-09-12 03:10:42.237990,40804,2
2022-09-12 03:10:42.317016,40401,2
2022-09-12 03:10:42.390033,41616,2
2022-09-12 03:10:42.475090,41209,2
2022-09-12 03:10:42.549107,45369,0
2022-09-12 03:10:42.622125,44944,0
2022-09-12 03:10:42.700143,44944,0
2022-09-12 03:10:42.787089,44100,0
2022-09-12 03:10:42.860107,45796,0
2022-09-12 03:10:42.936105,2401,1
2022-09-12 03:10:43.008122,46225,0
2022-09-12 03:10:43.081093,44100,0
2022-09-12 03:10:43.163110,3136,1
2022-09-12 03:10:43.242104,43681,0
2022-09-12 03:10:43.315121,45796,0
2022-09-12 03:10:43.397097,44944,0
2022-09-12 03:10:43.473114,65536,0
2022-09-12 03:10:43.551133,6889,1
2022-09-12 03:10:43.628148,6241,1
2022-09-12 03:10:43.704093,6889,1
2022-09-12 03:10:43.778109,2304,1
2022-09-12 03:10:43.854125,3364,1
2022-09-12 03:10:43.926141,49729,0
2022-09-12 03:10:44.004160,43264,0
2022-09-12 03:10:44.096179,43681,0
2022-09-12 03:10:44.175197,44521,0
2022-09-12 03:10:44.248214,49729,0
2022-09-12 03:10:44.329233,52900,0
2022-09-12 03:10:44.408250,4761,1
2022-09-12 03:10:44.485268,5329,1
2022-09-12 03:10:44.560284,5041,1
2022-09-12 03:10:44.649306,4356,1
2022-09-12 03:10:44.723323,4761,1
2022-09-12 03:10:44.799338,4096,1
2022-09-12 03:10:44.877356,4096,1
2022-09-12 03:10:44.953374,34596,2
2022-09-12 03:10:45.032391,33489,2
2022-09-12 03:10:45.110409,38416,2
2022-09-12 03:10:45.189426,38416,2
2022-09-12 03:10:45.267445,38416,2
2022-09-12 03:10:45.361466,38416,2
2022-09-12 03:10:45.455486,38416,2
2022-09-12 03:10:45.533505,38416,2
2022-09-12 03:10:45.626525,38416,2
2022-09-12 03:10:45.720546,38416,2
2022-09-12 03:10:45.799565,38416,2
2022-09-12 03:10:45.895585,38416,2
2022-09-12 03:10:45.975603,38416,2
2022-09-12 03:10:46.052622,38416,2
2022-09-12 03:10:46.131640,38416,2
2022-09-12 03:10:46.208656,38416,2
2022-09-12 03:10:46.286673,38416,2
2022-09-12 03:10:46.365692,38416,2
2022-09-12 03:10:46.459714,47961,0
2022-09-12 03:10:46.532729,48400,0
2022-09-12 03:10:46.616748,43264,0
2022-09-12 03:10:46.691765,49729,0
2022-09-12 03:10:46.771784,49729,0
2022-09-12 03:10:46.849801,51076,0
2022-09-12 03:10:46.924819,45369,0
2022-09-12 03:10:47.005837,36864,2
2022-09-12 03:10:47.083854,40401,2
2022-09-12 03:10:47.162873,38809,2
2022-09-12 03:10:47.248891,40804,2
2022-09-12 03:10:47.332910,41616,2
2022-09-12 03:10:47.409927,43681,0
2022-09-12 03:10:47.504948,42849,0
2022-09-12 03:10:47.593970,44521,0
2022-09-12 03:10:47.682989,44944,0
2022-09-12 03:10:47.770008,45369,0
2022-09-12 03:10:47.849027,45796,0
2022-09-12 03:10:47.929045,43681,0
2022-09-12 03:10:48.006062,45796,0
2022-09-12 03:10:48.084080,44521,0
2022-09-12 03:10:48.161098,46225,0
2022-09-12 03:10:48.243116,44100,0
2022-09-12 03:10:48.318132,46656,0
2022-09-12 03:10:48.396149,45369,0
2022-09-12 03:10:48.469676,48841,0
2022-09-12 03:10:48.544692,47524,0
2022-09-12 03:10:48.633712,47524,0
2022-09-12 03:10:48.727734,45369,0
2022-09-12 03:10:48.803750,46656,0
2022-09-12 03:10:48.889771,44100,0
2022-09-12 03:10:48.962787,44944,0
2022-09-12 03:10:49.038805,44521,0
2022-09-12 03:10:49.117821,43681,0
2022-09-12 03:10:49.200840,43681,0
2022-09-12 03:10:49.288862,45796,0
2022-09-12 03:10:49.364878,47524,0
2022-09-12 03:10:49.474902,43264,0
2022-09-12 03:10:49.548919,44944,0
2022-09-12 03:10:49.618934,42436,2
2022-09-12 03:10:49.685950,42849,0
2022-09-12 03:10:49.753966,44100,0
2022-09-12 03:10:49.819981,45369,0
2022-09-12 03:10:49.892996,44100,0
2022-09-12 03:10:49.969013,44100,0
2022-09-12 03:10:50.037029,43681,0
2022-09-12 03:10:50.103044,43681,0
2022-09-12 03:10:50.170058,44100,0
2022-09-12 03:10:50.245075,40804,2
2022-09-12 03:10:50.318092,40804,2
2022-09-12 03:10:50.387108,40000,2
2022-09-12 03:10:50.466126,42025,2
2022-09-12 03:10:50.536141,42025,2
2022-09-12 03:10:50.621160,42025,2
2022-09-12 03:10:50.692177,42025,2
2022-09-12 03:10:50.754192,44100,0
2022-09-12 03:10:50.824207,43681,0
2022-09-12 03:10:50.888220,42025,2
2022-09-12 03:10:50.953236,41209,2
2022-09-12 03:10:51.020251,40804,2
2022-09-12 03:10:51.105269,41209,2
2022-09-12 03:10:51.168284,41616,2
2022-09-12 03:10:51.230297,40000,2
2022-09-12 03:10:51.296312,41209,2
2022-09-12 03:10:51.372331,41209,2
2022-09-12 03:10:51.437345,41616,2
2022-09-12 03:10:51.512362,42025,2
2022-09-12 03:10:51.590379,41616,2
2022-09-12 03:10:51.669397,42436,2
2022-09-12 03:10:51.749414,42025,2
2022-09-12 03:10:51.813955,44100,0
2022-09-12 03:10:51.877970,44944,0
2022-09-12 03:10:51.941984,44944,0
2022-09-12 03:10:52.003998,43681,0
2022-09-12 03:10:52.088018,42025,2
2022-09-12 03:10:52.151031,42025,2
2022-09-12 03:10:52.215045,42025,2
2022-09-12 03:10:52.291063,42436,2
2022-09-12 03:10:52.359079,41209,2
2022-09-12 03:10:52.432095,39601,2
2022-09-12 03:10:52.510112,40804,2
2022-09-12 03:10:52.588132,41616,2
2022-09-12 03:10:52.660147,41616,2
2022-09-12 03:10:52.729161,42436,2
2022-09-12 03:10:52.806178,42025,2
2022-09-12 03:10:52.871196,42025,2
2022-09-12 03:10:52.940209,42025,2
2022-09-12 03:10:53.004224,40804,2
2022-09-12 03:10:53.069239,40804,2
2022-09-12 03:10:53.147256,41616,2
2022-09-12 03:10:53.213272,41616,2
2022-09-12 03:10:53.285287,43264,0
2022-09-12 03:10:53.351302,42849,0
2022-09-12 03:10:53.432321,41616,2
2022-09-12 03:10:53.503336,39601,2
2022-09-12 03:10:53.591356,42436,2
2022-09-12 03:10:53.674374,40000,2
2022-09-12 03:10:53.742390,40804,2
2022-09-12 03:10:53.828409,41209,2
2022-09-12 03:10:53.905628,41209,2
2022-09-12 03:10:53.984645,40000,2
2022-09-12 03:10:54.059664,41209,2
2022-09-12 03:10:54.137683,40804,2
2022-09-12 03:10:54.219704,40804,2
2022-09-12 03:10:54.294719,40804,2
2022-09-12 03:10:54.375739,40000,2
2022-09-12 03:10:54.462758,40804,2
2022-09-12 03:10:54.536774,40804,2
2022-09-12 03:10:54.623795,41616,2
2022-09-12 03:10:54.717814,39204,2
2022-09-12 03:10:54.792833,40804,2
2022-09-12 03:10:54.867850,42025,2
2022-09-12 03:10:54.939865,41616,2
2022-09-12 03:10:55.014882,41616,2
2022-09-12 03:10:55.082898,42436,2
2022-09-12 03:10:55.155915,41209,2
2022-09-12 03:10:55.225931,42849,0
2022-09-12 03:10:55.305786,42849,0
2022-09-12 03:10:55.386804,43681,0
2022-09-12 03:10:55.469823,43681,0
2022-09-12 03:10:55.559842,42849,0
2022-09-12 03:10:55.645862,2916,1
2022-09-12 03:10:55.714105,2304,1
2022-09-12 03:10:55.790123,1849,1
2022-09-12 03:10:55.861139,1849,1
2022-09-12 03:10:55.938158,1849,1
2022-09-12 03:10:56.017174,1849,1
2022-09-12 03:10:56.092191,1849,1
2022-09-12 03:10:56.184213,1849,1
2022-09-12 03:10:56.259230,1849,1
2022-09-12 03:10:56.338248,1849,1
2022-09-12 03:10:56.430267,33489,2
2022-09-12 03:10:56.507284,40000,2
2022-09-12 03:10:56.584303,41209,2
2022-09-12 03:10:56.666596,46225,0
2022-09-12 03:10:56.756617,46225,0
2022-09-12 03:10:56.834635,43264,0
2022-09-12 03:10:56.928656,46225,0
2022-09-12 03:10:57.003672,43264,0
2022-09-12 03:10:57.091694,40000,2
2022-09-12 03:10:57.176713,44100,0
2022-09-12 03:10:57.259732,44100,0
2022-09-12 03:10:57.347749,42436,2
2022-09-12 03:10:57.426771,41616,2
2022-09-12 03:10:57.518789,41616,2
2022-09-12 03:10:57.628814,41616,2
2022-09-12 03:10:57.721551,41616,2
2022-09-12 03:10:57.813571,41616,2
2022-09-12 03:10:57.892590,41616,2
2022-09-12 03:10:57.984812,41616,2
2022-09-12 03:10:58.062830,12100,1
2022-09-12 03:10:58.155850,44100,0
2022-09-12 03:10:58.234868,41209,2
2022-09-12 03:10:58.324481,42436,2
2022-09-12 03:10:58.407498,46225,0
2022-09-12 03:10:58.487517,47961,0
2022-09-12 03:10:58.580538,49284,0
2022-09-12 03:10:58.654555,49729,0
2022-09-12 03:10:58.734573,48400,0
2022-09-12 03:10:58.821593,48400,0
2022-09-12 03:10:58.905610,48400,0
2022-09-12 03:10:58.998637,48400,0
2022-09-12 03:10:59.076655,48400,0
2022-09-12 03:10:59.154673,48400,0
2022-09-12 03:10:59.247693,14161,1
2022-09-12 03:10:59.332713,14161,1
2022-09-12 03:10:59.417774,19600,1
2022-09-12 03:10:59.510796,19600,1
2022-09-12 03:10:59.592813,55696,0
2022-09-12 03:10:59.678834,57121,0
2022-09-12 03:10:59.758858,784,1
2022-09-12 03:10:59.841877,48400,0
2022-09-12 03:10:59.931897,48400,0
2022-09-12 03:11:00.011078,1369,1
2022-09-12 03:11:00.104717,60025,0
2022-09-12 03:11:00.188735,46656,0
2022-09-12 03:11:00.264752,56169,0
2022-09-12 03:11:00.337770,52900,0
2022-09-12 03:11:00.432790,55225,0
2022-09-12 03:11:00.526812,52441,0
2022-09-12 03:11:00.618832,46225,0
2022-09-12 03:11:00.694850,53824,0
2022-09-12 03:11:00.786876,56169,0
2022-09-12 03:11:00.866896,57600,0
2022-09-12 03:11:00.938910,59049,0
2022-09-12 03:11:01.020930,57121,0
2022-09-12 03:11:01.091453,57121,0
2022-09-12 03:11:01.176471,58564,0
2022-09-12 03:11:01.253487,58081,0
2022-09-12 03:11:01.347508,56644,0
2022-09-12 03:11:01.417615,54756,0
2022-09-12 03:11:01.503114,55225,0
2022-09-12 03:11:01.596042,7921,1
2022-09-12 03:11:01.675060,900,1
2022-09-12 03:11:01.751078,53824,0
2022-09-12 03:11:01.843097,55696,0
2022-09-12 03:11:01.925095,53361,0
2022-09-12 03:11:02.014115,53361,0
2022-09-12 03:11:02.092111,53824,0
2022-09-12 03:11:02.162128,53361,0
2022-09-12 03:11:02.247146,7056,1
2022-09-12 03:11:02.327078,7056,1
2022-09-12 03:11:02.404095,52900,0
2022-09-12 03:11:02.481092,51076,0
2022-09-12 03:11:02.561611,50625,0
2022-09-12 03:11:02.643627,52441,0
2022-09-12 03:11:02.711643,52441,0
2022-09-12 03:11:02.775659,50176,0
2022-09-12 03:11:02.840672,51076,0
2022-09-12 03:11:02.921691,52441,0
2022-09-12 03:11:03.001709,46225,0
2022-09-12 03:11:03.078726,50176,0
2022-09-12 03:11:03.157744,51529,0
2022-09-12 03:11:03.233761,50625,0
2022-09-12 03:11:03.313779,50625,0
2022-09-12 03:11:03.391798,54289,0
2022-09-12 03:11:03.485818,54756,0
2022-09-12 03:11:03.564835,52441,0
2022-09-12 03:11:03.640853,53361,0
2022-09-12 03:11:03.707868,51076,0
2022-09-12 03:11:03.779885,47961,0
2022-09-12 03:11:03.843899,49284,0
2022-09-12 03:11:03.907913,50176,0
2022-09-12 03:11:03.982930,47961,0
2022-09-12 03:11:04.044944,45369,0
2022-09-12 03:11:04.104979,47089,0
2022-09-12 03:11:04.168993,46225,0
2022-09-12 03:11:04.246010,42436,2
2022-09-12 03:11:04.310025,47089,0
2022-09-12 03:11:04.372039,46225,0
2022-09-12 03:11:04.433052,46225,0
2022-09-12 03:11:04.488065,44944,0
2022-09-12 03:11:04.559082,44944,0
2022-09-12 03:11:04.621096,42436,2
2022-09-12 03:11:04.676107,43681,0
2022-09-12 03:11:04.732121,44100,0
2022-09-12 03:11:04.791133,47089,0
2022-09-12 03:11:04.855147,49729,0
2022-09-12 03:11:04.917161,45796,0
2022-09-12 03:11:04.980175,46225,0
2022-09-12 03:11:05.042190,50176,0
2022-09-12 03:11:05.106204,47524,0
2022-09-12 03:11:05.170219,50176,0
2022-09-12 03:11:05.232233,47524,0
2022-09-12 03:11:05.294248,48841,0
2022-09-12 03:11:05.358261,50176,0
2022-09-12 03:11:05.437278,52900,0
2022-09-12 03:11:05.497293,52441,0
2022-09-12 03:11:05.563309,51984,0
2022-09-12 03:11:05.626322,49284,0
2022-09-12 03:11:05.683334,7396,1
2022-09-12 03:11:05.748348,7396,1
2022-09-12 03:11:05.806362,47961,0
2022-09-12 03:11:05.868376,46225,0
2022-09-12 03:11:05.935391,6084,1
2022-09-12 03:11:05.998405,50625,0
2022-09-12 03:11:06.060419,48400,0
2022-09-12 03:11:06.124434,51529,0
2022-09-12 03:11:06.187448,50176,0
2022-09-12 03:11:06.249462,49284,0
2022-09-12 03:11:06.307475,50176,0
2022-09-12 03:11:06.363488,52900,0
2022-09-12 03:11:06.422501,54289,0
2022-09-12 03:11:06.484482,54289,0
2022-09-12 03:11:06.541496,5929,1
2022-09-12 03:11:06.611512,49729,0
2022-09-12 03:11:06.672525,51076,0
2022-09-12 03:11:06.734539,9604,1
2022-09-12 03:11:06.797553,8281,1
2022-09-12 03:11:06.875572,7056,1
2022-09-12 03:11:06.937585,7225,1
2022-09-12 03:11:07.015603,7225,1
2022-09-12 03:11:07.077616,47961,0
2022-09-12 03:11:07.140630,3136,1
2022-09-12 03:11:07.203645,3136,1
2022-09-12 03:11:07.260659,3025,1
2022-09-12 03:11:07.330676,3249,1
2022-09-12 03:11:07.385686,2916,1
2022-09-12 03:11:07.442699,900,1
2022-09-12 03:11:07.499712,2916,1
2022-09-12 03:11:07.554724,2704,1
2022-09-12 03:11:07.627741,2809,1
2022-09-12 03:11:07.689755,3025,1
2022-09-12 03:11:07.752770,6084,1
2022-09-12 03:11:07.810783,46225,0
2022-09-12 03:11:07.892800,46225,0
2022-09-12 03:11:07.955815,42436,2
2022-09-12 03:11:08.017829,40804,2
2022-09-12 03:11:08.080844,900,1
2022-09-12 03:11:08.142858,40000,2
2022-09-12 03:11:08.205871,41616,2
2022-09-12 03:11:08.267885,40804,2
2022-09-12 03:11:08.326898,41209,2
2022-09-12 03:11:08.391913,41616,2
2022-09-12 03:11:08.454928,44100,0
2022-09-12 03:11:08.517941,43264,0
2022-09-12 03:11:08.581956,43264,0
2022-09-12 03:11:08.658975,43264,0
2022-09-12 03:11:08.714987,44100,0
2022-09-12 03:11:08.769999,42849,0
2022-09-12 03:11:08.832013,42436,2
2022-09-12 03:11:08.894026,43681,0
2022-09-12 03:11:08.957041,43681,0
2022-09-12 03:11:09.019054,45369,0
2022-09-12 03:11:09.077067,45369,0
2022-09-12 03:11:09.147085,42849,0
2022-09-12 03:11:09.222101,42849,0
2022-09-12 03:11:09.301119,41616,2
2022-09-12 03:11:09.381139,42025,2
2022-09-12 03:11:09.449152,44521,0
2022-09-12 03:11:09.506164,44521,0
2022-09-12 03:11:09.570179,45369,0
2022-09-12 03:11:09.648197,47524,0
2022-09-12 03:11:09.708210,44521,0
2022-09-12 03:11:09.771225,900,1
2022-09-12 03:11:09.835239,46225,0
2022-09-12 03:11:09.899253,48841,0
2022-09-12 03:11:09.961267,50176,0
2022-09-12 03:11:10.025282,51529,0
2022-09-12 03:11:10.086296,49284,0
2022-09-12 03:11:10.143308,49284,0
2022-09-12 03:11:10.211324,49284,0
2022-09-12 03:11:10.269337,49284,0
2022-09-12 03:11:10.337113,48400,0
2022-09-12 03:11:10.399128,47961,0
2022-09-12 03:11:10.454139,49284,0
2022-09-12 03:11:10.508152,48400,0
2022-09-12 03:11:10.573166,47961,0
2022-09-12 03:11:10.637180,46656,0
2022-09-12 03:11:10.697194,44944,0
2022-09-12 03:11:10.761209,43681,0
2022-09-12 03:11:10.821222,45796,0
2022-09-12 03:11:10.887237,45796,0
2022-09-12 03:11:10.950251,44944,0
2022-09-12 03:11:11.013266,45796,0
2022-09-12 03:11:11.089283,44944,0
2022-09-12 03:11:11.167300,45369,0
2022-09-12 03:11:11.227314,44100,0
2022-09-12 03:11:11.294331,44521,0
2022-09-12 03:11:11.373346,45369,0
2022-09-12 03:11:11.435360,45796,0
2022-09-12 03:11:11.498375,900,1
2022-09-12 03:11:11.561390,45369,0
2022-09-12 03:11:11.638406,44944,0
2022-09-12 03:11:11.694213,45369,0
2022-09-12 03:11:11.762227,44100,0
2022-09-12 03:11:11.824241,44944,0
2022-09-12 03:11:11.902259,45796,0
2022-09-12 03:11:11.961273,44944,0
2022-09-12 03:11:12.026287,45796,0
2022-09-12 03:11:12.087300,42849,0
2022-09-12 03:11:12.166319,40401,2
2022-09-12 03:11:12.244337,900,1
2022-09-12 03:11:12.307350,41616,2
2022-09-12 03:11:12.385367,3249,1
2022-09-12 03:11:12.460386,6561,1
2022-09-12 03:11:12.549405,42436,2
2022-09-12 03:11:12.639426,9025,1
2022-09-12 03:11:12.730447,50176,0
2022-09-12 03:11:12.820468,50625,0
2022-09-12 03:11:12.906487,49729,0
2022-09-12 03:11:12.997506,49729,0
2022-09-12 03:11:13.086527,900,1
2022-09-12 03:11:13.179548,52441,0
2022-09-12 03:11:13.264567,53361,0
2022-09-12 03:11:13.356588,7396,1
2022-09-12 03:11:13.444607,8100,1
2022-09-12 03:11:13.534628,8836,1
2022-09-12 03:11:13.616646,900,1
2022-09-12 03:11:13.720670,8464,1
2022-09-12 03:11:13.802688,9409,1
2022-09-12 03:11:13.895709,7396,1
2022-09-12 03:11:13.979728,6561,1
2022-09-12 03:11:14.067748,6561,1
2022-09-12 03:11:14.158768,6561,1
2022-09-12 03:11:14.251790,6561,1
2022-09-12 03:11:14.344811,6561,1
2022-09-12 03:11:14.452834,36864,2
2022-09-12 03:11:14.530852,39601,2
2022-09-12 03:11:14.608870,42436,2
2022-09-12 03:11:14.687888,49284,0
2022-09-12 03:11:14.774907,47961,0
2022-09-12 03:11:14.857926,46225,0
2022-09-12 03:11:14.946947,1936,1
2022-09-12 03:11:15.027964,44521,0
2022-09-12 03:11:15.107983,41616,2
2022-09-12 03:11:15.194002,40401,2
2022-09-12 03:12:57.189887,0,0
2022-09-12 03:12:58.523587,0,0
2022-09-12 03:12:58.601606,0,0
2022-09-12 03:12:58.679622,0,0
2022-09-12 03:12:58.757639,0,0
2022-09-12 03:12:58.835659,0,0
2022-09-12 03:12:58.911675,10404,1
2022-09-12 03:12:59.023700,8649,1
2022-09-12 03:12:59.095716,10000,1
2022-09-12 03:12:59.169733,9801,1
2022-09-12 03:12:59.244749,9801,1
2022-09-12 03:12:59.320769,9801,1
2022-09-12 03:12:59.399784,9801,1
2022-09-12 03:12:59.493806,9801,1
2022-09-12 03:12:59.571823,9801,1
2022-09-12 03:12:59.665845,9801,1
2022-09-12 03:12:59.758865,9801,1
2022-09-12 03:12:59.838885,9801,1
2022-09-12 03:12:59.917902,9801,1
2022-09-12 03:13:00.010922,9801,1
2022-09-12 03:13:00.087939,9801,1
2022-09-12 03:13:00.179960,9801,1
2022-09-12 03:13:00.256979,9801,1
2022-09-12 03:13:00.334995,9801,1
2022-09-12 03:13:00.413013,9801,1
2022-09-12 03:13:00.492031,9801,1
2022-09-12 03:13:00.571049,9801,1
2022-09-12 03:13:00.663070,9801,1
2022-09-12 03:13:00.756078,9801,1
2022-09-12 03:13:00.850099,9801,1
2022-09-12 03:13:00.927117,9801,1
2022-09-12 03:13:01.004135,42025,2
2022-09-12 03:13:01.079151,42025,2
2022-09-12 03:13:01.162169,44521,0
2022-09-12 03:13:01.238187,44521,0
2022-09-12 03:13:01.316204,46225,0
2022-09-12 03:13:01.386221,46225,0
2022-09-12 03:13:01.474242,47961,0
2022-09-12 03:13:01.553258,47961,0
2022-09-12 03:13:01.632276,47961,0
2022-09-12 03:13:01.710293,4096,1
2022-09-12 03:13:01.788311,4096,1
2022-09-12 03:13:01.868329,4096,1
2022-09-12 03:13:01.946347,4096,1
2022-09-12 03:13:02.026365,4096,1
2022-09-12 03:13:02.103383,44100,0
2022-09-12 03:13:02.180399,44100,0
2022-09-12 03:13:02.258418,55696,0
2022-09-12 03:13:02.326434,55696,0
2022-09-12 03:13:02.398448,55696,0
2022-09-12 03:13:02.477466,55696,0
2022-09-12 03:13:02.555485,55696,0
2022-09-12 03:13:02.632870,55696,0
2022-09-12 03:13:02.709886,41209,2
2022-09-12 03:13:02.787905,38416,2
2022-09-12 03:13:02.858919,44521,0
2022-09-12 03:13:02.937939,46225,0
2022-09-12 03:13:03.003952,51529,0
2022-09-12 03:13:03.075901,3481,1
2022-09-12 03:13:03.146917,3481,1
2022-09-12 03:13:03.223935,2704,1
2022-09-12 03:13:03.293951,2704,1
2022-09-12 03:13:03.379969,2704,1
2022-09-12 03:13:03.456987,2704,1
2022-09-12 03:13:03.536005,2704,1
2022-09-12 03:13:03.616023,2601,1
2022-09-12 03:13:03.694210,2601,1
2022-09-12 03:13:03.771227,2601,1
2022-09-12 03:13:03.850246,2601,1
2022-09-12 03:13:03.927163,2601,1
2022-09-12 03:13:04.006181,2601,1
2022-09-12 03:13:04.084199,2601,1
2022-09-12 03:13:04.163217,2601,1
2022-09-12 03:13:04.241235,2601,1
2022-09-12 03:13:04.319252,2601,1
2022-09-12 03:13:04.399270,2601,1
2022-09-12 03:13:04.477289,2601,1
2022-09-12 03:13:04.554305,2601,1
2022-09-12 03:13:04.632324,2601,1
2022-09-12 03:13:04.726361,2601,1
2022-09-12 03:13:04.803378,2601,1
2022-09-12 03:13:04.881397,2601,1
2022-09-12 03:13:04.959414,2601,1
2022-09-12 03:13:05.037431,2601,1
2022-09-12 03:13:05.114450,9216,1
2022-09-12 03:13:05.191466,9216,1
2022-09-12 03:13:05.271484,42025,2
2022-09-12 03:13:05.344500,46225,0
2022-09-12 03:13:05.416517,46225,0
2022-09-12 03:13:05.485532,50176,0
2022-09-12 03:13:05.559550,43264,0
2022-09-12 03:13:05.634565,46225,0
2022-09-12 03:13:05.718586,46225,0
2022-09-12 03:13:05.793601,50176,0
2022-09-12 03:13:05.873619,42025,2
2022-09-12 03:13:05.952640,46225,0
2022-09-12 03:13:06.025656,46225,0
2022-09-12 03:13:06.107672,42849,0
2022-09-12 03:13:06.184690,42436,2
2022-09-12 03:13:06.268709,44521,0
2022-09-12 03:13:06.345726,46225,0
2022-09-12 03:13:06.427746,46225,0
2022-09-12 03:13:06.515765,46225,0
2022-09-12 03:13:06.593782,46225,0
2022-09-12 03:13:06.671799,46225,0
2022-09-12 03:13:06.748817,46225,0
2022-09-12 03:13:06.826834,46225,0
2022-09-12 03:13:06.904852,46225,0
2022-09-12 03:13:06.984869,46225,0
2022-09-12 03:13:07.062888,46225,0
2022-09-12 03:13:07.139906,46225,0
2022-09-12 03:13:07.217923,46225,0
2022-09-12 03:13:07.295941,46225,0
2022-09-12 03:13:07.371958,46225,0
2022-09-12 03:13:07.448975,46225,0
2022-09-12 03:13:07.528992,46225,0
2022-09-12 03:13:07.606010,11236,1
2022-09-12 03:13:07.678027,12769,1
2022-09-12 03:13:07.761046,14400,1
2022-09-12 03:13:07.843066,13225,1
2022-09-12 03:13:07.950088,13225,1
2022-09-12 03:13:08.029105,13225,1
2022-09-12 03:13:08.108125,52900,0
2022-09-12 03:13:08.182140,52900,0
2022-09-12 03:13:08.264159,52900,0
2022-09-12 03:13:08.343177,54756,0
2022-09-12 03:13:08.419194,54756,0
2022-09-12 03:13:08.501213,61504,0
2022-09-12 03:13:08.579230,59536,0
2022-09-12 03:13:08.659248,54289,0
2022-09-12 03:13:08.738265,54289,0
2022-09-12 03:13:08.816283,56644,0
2022-09-12 03:13:08.893301,54289,0
2022-09-12 03:13:08.985321,54756,0
2022-09-12 03:13:09.066341,52441,0
2022-09-12 03:13:09.138355,44521,0
2022-09-12 03:13:09.212372,43264,0
2022-09-12 03:13:09.284389,40401,2
2022-09-12 03:13:09.357406,44944,0
2022-09-12 03:13:09.437423,44521,0
2022-09-12 03:13:09.507441,39601,2
2022-09-12 03:13:09.578456,41616,2
2022-09-12 03:13:09.658473,42025,2
2022-09-12 03:13:09.734491,42025,2
2022-09-12 03:13:09.816509,42025,2
2022-09-12 03:13:09.896527,42025,2
2022-09-12 03:13:09.976545,48841,0
2022-09-12 03:13:10.052564,51076,0
2022-09-12 03:13:10.125580,57121,0
2022-09-12 03:13:10.209599,48841,0
2022-09-12 03:13:10.303619,44944,0
2022-09-12 03:13:10.380636,46225,0
2022-09-12 03:13:10.461654,44944,0
2022-09-12 03:13:10.537671,44944,0
2022-09-12 03:13:10.608690,50625,0
2022-09-12 03:13:10.682705,48400,0
2022-09-12 03:13:10.759722,45369,0
2022-09-12 03:13:10.833738,44100,0
2022-09-12 03:13:10.907756,42849,0
2022-09-12 03:13:10.984772,41209,2
2022-09-12 03:13:11.060790,45796,0
2022-09-12 03:13:11.152812,46656,0
2022-09-12 03:13:11.223826,47961,0
2022-09-12 03:13:11.294843,44521,0
2022-09-12 03:13:11.371860,51076,0
2022-09-12 03:13:11.442877,44944,0
2022-09-12 03:13:11.519894,42436,2
2022-09-12 03:13:11.592912,46656,0
2022-09-12 03:13:11.659925,47089,0
2022-09-12 03:13:11.734942,48400,0
2022-09-12 03:13:11.808959,49284,0
2022-09-12 03:13:11.886976,47524,0
2022-09-12 03:13:11.961993,51076,0
2022-09-12 03:13:12.042013,51076,0
2022-09-12 03:13:12.127033,49284,0
2022-09-12 03:13:12.209049,49729,0
2022-09-12 03:13:12.283066,49729,0
2022-09-12 03:13:12.362084,51529,0
2022-09-12 03:13:12.450103,50176,0
2022-09-12 03:13:12.527122,49729,0
2022-09-12 03:13:12.607139,49729,0
2022-09-12 03:13:12.683155,49284,0
2022-09-12 03:13:12.761173,48841,0
2022-09-12 03:13:12.838192,49284,0
2022-09-12 03:13:12.924210,49284,0
2022-09-12 03:13:13.012230,47089,0
2022-09-12 03:13:13.091247,43681,0
2022-09-12 03:13:13.169265,46656,0
2022-09-12 03:13:13.263287,1156,1
2022-09-12 03:13:13.344305,47089,0
2022-09-12 03:13:13.426833,47089,0
2022-09-12 03:13:13.504850,46225,0
2022-09-12 03:13:13.588868,45369,0
2022-09-12 03:13:13.662885,47089,0
2022-09-12 03:13:13.737901,1156,1
2022-09-12 03:13:13.817919,48841,0
2022-09-12 03:13:13.897938,45796,0
2022-09-12 03:13:13.983464,42849,0
2022-09-12 03:13:14.070485,45369,0
2022-09-12 03:13:14.158503,45369,0
2022-09-12 03:13:14.238521,44944,0
2022-09-12 03:13:14.313538,48841,0
2022-09-12 03:13:14.396557,49729,0
2022-09-12 03:13:14.476576,47089,0
2022-09-12 03:13:14.569596,47089,0
2022-09-12 03:13:14.644615,47089,0
2022-09-12 03:13:14.718630,676,1
2022-09-12 03:13:14.793649,46656,0
2022-09-12 03:13:14.870664,47089,0
2022-09-12 03:13:14.946681,784,1
2022-09-12 03:13:15.042703,45369,0
2022-09-12 03:13:15.124721,47089,0
2022-09-12 03:13:15.212742,1156,1
2022-09-12 03:13:15.289759,41616,2
2022-09-12 03:13:15.380779,41209,2
2022-09-12 03:13:15.461799,44100,0
2022-09-12 03:13:15.536814,41616,2
2022-09-12 03:13:15.619833,40804,2
2022-09-12 03:13:15.697850,41209,2
2022-09-12 03:13:15.772869,43264,0
2022-09-12 03:13:15.854887,42436,2
2022-09-12 03:13:15.944908,40000,2
2022-09-12 03:13:16.015923,39601,2
2022-09-12 03:13:16.095941,38809,2
2022-09-12 03:13:16.171958,39601,2
2022-09-12 03:13:16.244974,39601,2
2022-09-12 03:13:16.321992,38809,2
2022-09-12 03:13:16.396009,39204,2
2022-09-12 03:13:16.473026,1156,1
2022-09-12 03:13:16.548044,39601,2
2022-09-12 03:13:16.621059,39601,2
